{"type": "block", "layer": 0, "block": 0, "features": [{"geom": {"polygons": [[[[-82.1978333859006, 46.39694638090441], [-80.61643596441718, 48.236104615963995], [-82.1978333859006, 49.963798715296434], [-78.79817725467728, 53.41918691425235], [-76.40866485115839, 50.99484196837875], [-71.75503719609696, 55.14688101387583], [-67.76322784513468, 50.91124386663432], [-73.05777427903377, 45.95108983910177], [-71.49727638269542, 44.00046746872249], [-74.01218593894737, 41.6875866583141], [-75.93494227551855, 43.69394109636778], [-78.05276084900834, 41.826916827616515], [-82.1978333859006, 46.39694638090441]]]], "centroids": [[-75.47586466127541, 48.35940698420745, 32.57749319076538]], "h": 1.0}, "mtl": {"face": 0}}], "featureCount": 1, "startIndex": 0}